ID;Titulo;Autoria;Localizacao;Freguesia;Data;Tipologia;pic_url;LON;LAT;Descricao;
1;Sem título ;Odeith;Troço IC17/Cril;Falagueira-Venda Nova;2010;Muro;http://geoportal.cm-amadora.pt/files_site_internet/links/pcultural/id1.jpg;-9,2066844837414;38,7586351450904;"Odeith. Graffiti Anamórfico (2010). """"Acho que quem gosta de graffiti acaba sempre por fazer quase o ritual todo."""" Peça realizada no âmbito do Concurso de Pintura de Murais sobre Banda Desenhada, promovido pelas Estradas de Portugal e em parceria com a Câmara Municipal da Amadora. ";
3;Bob Marley;Odeith;Bairro da Cova da Moura;Águas Livres;2010;Muro;http://geoportal.cm-amadora.pt/files_site_internet/links/pcultural/id3.jpg;-9,2138294098996;38,7463966603855;"Odeith (2010). """"Era mais influenciado pelo que vivia no dia-a-dia."""" Mural localizado no Bairro da Cova da Moura, na freguesia da Damaia. Exibe uma figura mediática e vista como um exemplo na comunidade, o intérprete Bob Marley. ";
30;Eusébio;Odeith;Bairro da Cova da Moura;Águas Livres;2014;Muro;http://geoportal.cm-amadora.pt/files_site_internet/links/pcultural/id30.jpg;-9,21178034485742;38,7455421023207;"Odeith (2014). """"A expressão graffiti vem da expressão """"getting up"""", que é tu levantares o teu nome, seres alguém, seres reconhecido na terra onde vives."""" Mural localizado no Bairro da Cova da Moura, na freguesia da Damaia e que presta homenagem ao jogador de futebol Eusébio. ";
25;IT ALL FALLS DOWN;Akacorleone;Fórum Luís de Camões;Encosta do Sol;2012;Muro;http://geoportal.cm-amadora.pt/files_site_internet/links/pcultural/id25.jpg;-9,21435718969636;38,7642136999529;Aka Corleone (2012). “Este é um dos meus murais preferidos. Sempre fui um frequentador do festival Amadora BD e sou muito influenciado pela banda desenhada. Este mural foi o primeiro no qual desenvolvi um estilo que ainda não tinha transportado para uma parede”;
2;Sem título;Dzenhart;Troço IC17/Cril;Encosta do Sol;2010;Muro;http://geoportal.cm-amadora.pt/files_site_internet/links/pcultural/id2.jpg;-9,20170593672703;38,7596568003933;Dzenhart (2010). Mural realizado no âmbito do Concurso de Pintura de Murais sobre Banda Desenhada, promovido pelas Estradas de Portugal e em parceria com a Câmara Municipal da Amadora.;
4;Os verdadeiros heróis nunca serão esquecidos;Odeith;Rua Dr. Francisco Sousa Tavares;Águas Livres;2013;Hall of Fame (Extensão Mural);http://geoportal.cm-amadora.pt/files_site_internet/links/pcultural/id4.jpg;-9,21683038581818;38,7411355611725;Odeith (2013). Mural localizado nas traseiras da Escola Secundária D.João V, na Damaia. Este mural representa uma homenagem aos bombeiros, vítimas dos incêndios.;
27;Sem título;Odeith;Rua Dr. Francisco Sousa Tavares;Águas Livres;2003;Hall of Fame (Extensão Mural);http://geoportal.cm-amadora.pt/files_site_internet/links/pcultural/id27.jpg;-9,216436617444;38,7411705584452;Odeith (2003). Mural localizado nas traseiras da Escola Secundária D. João V, na Damaia.;
26;Sem título;Odeith e Milu Correch;Rua Dr. Francisco Sousa Tavares;Águas Livres;2013;Hall of Fame (Extensão Mural);http://geoportal.cm-amadora.pt/files_site_internet/links/pcultural/id26.jpg;-9,21631614546234;38,741171792025;Odeith e Milu Correch (2013). Mural localizado nas traseiras da Escola Secundária D. João V, na Damaia. Odeith colaborou com a artista urbana argentina Milu Correch na realização deste mural.;
28;Legionários;Odeith e Vile;Rua Dr. Francisco Sousa Tavares;Águas Livres;2007;Hall of Fame (Extensão Mural);http://geoportal.cm-amadora.pt/files_site_internet/links/pcultural/id28.jpg;-9,21662107969267;38,7411636962324;"Odeith e VILE (2007). """"[O graffiti] é uma manifestação e se tu vires acho que nas zonas com mais população, ou seja, onde há prédios maiores, onde há se calhar guetos é onde as pessoas se tendem a manifestar e arriscar, e isso sempre foi assim e há-de ser."""" Mural localizado nas traseiras da Escola Secundária D. João V, na Damaia. ";
29;Sem título ;Odeith/LGN Crew;Rua Dr. Francisco Sousa Tavares;Águas Livres;2009;Hall of Fame (Extensão Mural);http://geoportal.cm-amadora.pt/files_site_internet/links/pcultural/id29.jpg;-9,21670778036537;38,7411592443582;Odeith LGN Crew (2009). Mural localizado nas traseiras da Escola Secundária D. João V, na Damaia.;
31;Sem título;Odeith;Rua Dr. Francisco Sousa Tavares;Águas Livres;;Muro;http://geoportal.cm-amadora.pt/files_site_internet/links/pcultural/id31.jpg;-9,21570811246537;38,741141979402;Odeith. Mural localizado nas traseiras da Escola Secundária D. João V, na Damaia.;
32;Sem título;Vários;Rua do Liceu;Águas Livres;2010;Hall of Fame (Extensão Mural);http://geoportal.cm-amadora.pt/files_site_internet/links/pcultural/id32.jpg;-9,21505944255275;38,7414222099455;Raps, Vespa, Sken, New, Styler, 1ma63, Creyz, Vile, Rote, Odeith, Eko, Molin (2014). Hall of Fame  localizado nas traseiras da Escola Secundária D. João V, na Damaia.;
5;Sem título;GVS Crew;Troço IC17/Cril;Falagueira-Venda Nova;2010;Muro;http://geoportal.cm-amadora.pt/files_site_internet/links/pcultural/id5.jpg;-9,21166757367606;38,7506659468817;GVS Crew (2010). Eko, membro da GVS Crew: “O meu interesse surgiu no ano de 1997, ano esse que se assistia a um grande boom da cultura hip-hop, desse boom surgem muitas crews e muitos writers. Eu fui um deles, surjo no seio de uma das crews mais antigas de Portugal, GVS, que ainda está activa, com writers espalhados por todo o mundo”;
7;Sem título;Arm Collective;Troço IC17/Cril;Encosta do Sol;2010;Muro;http://geoportal.cm-amadora.pt/files_site_internet/links/pcultural/id7.jpg;-9,20137294779204;38,7596212551925;Arm Collective (2010). Mural realizado no âmbito do Concurso de Pintura de Murais sobre Banda Desenhada, promovido pelas Estradas de Portugal e em parceria com a Câmara Municipal da Amadora.;
8;Sem título;Kreyz;Troço IC17/Cril;Falagueira-Venda Nova;2010;Muro;http://geoportal.cm-amadora.pt/files_site_internet/links/pcultural/id8.jpg;-9,20763847561685;38,7587809785188;Kreyz (2010). Mural realizado no âmbito do Concurso de Pintura de Murais sobre Banda Desenhada, promovido pelas Estradas de Portugal e em parceria com a Câmara Municipal da Amadora.;
9;HULK;NoMen;Troço IC17/Cril;Falagueira-Venda Nova;2010;Muro;http://geoportal.cm-amadora.pt/files_site_internet/links/pcultural/id9.jpg;-9,2073858922803;38,7587753556348;NoMen (2010). “Comecei a pintar em 1989. Para mim o Graffiti é estares artilhado de formas, de contextos para poderes singrar na vida.”;
10;Quem tudo quer, tudo tem !?;Ble/Reis;Troço IC17/Cril;Falagueira-Venda Nova;2010;Muro;http://geoportal.cm-amadora.pt/files_site_internet/links/pcultural/id10.jpg;-9,20746902587234;38,7587778342556;Ble/Reis (2010). Mural realizado no âmbito do Concurso de Pintura de Murais sobre Banda Desenhada, promovido pelas Estradas de Portugal e em parceria com a Câmara Municipal da Amadora.;
11;Sem título;Caos;Troço IC17/Cril;Falagueira-Venda Nova;2010;Muro;http://geoportal.cm-amadora.pt/files_site_internet/links/pcultural/id11.jpg;-9,2072377079252;38,758751838139;Caos (2010). Mural realizado no âmbito do Concurso de Pintura de Murais sobre Banda Desenhada, promovido pelas Estradas de Portugal e em parceria com a Câmara Municipal da Amadora.;
6;Sem título;Smile;Troço IC17/Cril;Falagueira-Venda Nova;2011;Muro;http://geoportal.cm-amadora.pt/files_site_internet/links/pcultural/id6.jpg;-9,21126866592202;38,7505197106454;Smile (2010). “O meu interesse pelo Graffiti surgiu porque os meus primos ouviam rap, desenhavam nas calças de ganga e eu imitava. Depois segui para as paredes” Mural realizado e que presta homenagem ao artista urbano Broke. ;
33;Sem título;Tko/Pariz One/Gvs Crew;Troço IC17/Cril;Falagueira-Venda Nova;2010;Muro;http://geoportal.cm-amadora.pt/files_site_internet/links/pcultural/id33.jpg;-9,21152510516535;38,7506780167818;Tko/Pariz One/Gvs Crew (2010) Peça realizada no âmbito do Concurso de Pintura de Murais sobre Banda Desenhada, promovido pelas Estradas de Portugal e em parceria com a Câmara Municipal da Amadora.;
34;Sem título;Odeith;Troço IC17/Cril;Falagueira-Venda Nova;2010;Muro;http://geoportal.cm-amadora.pt/files_site_internet/links/pcultural/id34.jpg;-9,21118933268913;38,7507593109879;Odeith (2010). Peça realizada no âmbito do Concurso de Pintura de Murais sobre Banda Desenhada, promovido pelas Estradas de Portugal e em parceria com a Câmara Municipal da Amadora.;
12;Sem título;Mar;Troço IC17/Cril;Falagueira-Venda Nova;2010;Muro;http://geoportal.cm-amadora.pt/files_site_internet/links/pcultural/id12.jpg;-9,20689440779943;38,7586783545634;Mar (2010). Mural realizado no âmbito do Concurso de Pintura de Murais sobre Banda Desenhada, promovido pelas Estradas de Portugal e em parceria com a Câmara Municipal da Amadora.;
13;Sem título;Typer;Troço IC17/Cril;Encosta do Sol;2010;Muro;http://geoportal.cm-amadora.pt/files_site_internet/links/pcultural/id13.jpg;-9,20253708610742;38,7593555623284;Typer (2010). Peça realizada no âmbito do Concurso de Pintura de Murais sobre Banda Desenhada, promovido pelas Estradas de Portugal e em parceria com a Câmara Municipal da Amadora.;
14;Sem título;Vile;Troço IC17/Cril;Encosta do Sol;2010;Muro;http://geoportal.cm-amadora.pt/files_site_internet/links/pcultural/id14.jpg;-9,20181242986765;38,7596186965697;Vile (2010). Mural realizado no âmbito do Concurso de Pintura de Murais sobre Banda Desenhada, promovido pelas Estradas de Portugal e em parceria com a Câmara Municipal da Amadora.;
15;Sem título;NoMen;Troço IC17/Cril;Encosta do Sol;2010;Muro;http://geoportal.cm-amadora.pt/files_site_internet/links/pcultural/id15.jpg;-9,20201175697742;38,7595469192783;NoMen (2010). “Estou há 25 anos a pintar e nunca mais parei.”;
16;Sem título;Ram e Odeith;Troço IC17/Cril;Encosta do Sol;2010;Muro;http://geoportal.cm-amadora.pt/files_site_internet/links/pcultural/id16.jpg;-9,20159754847859;38,7596958942864;Ram e Odeith (2010). Mural realizado no âmbito do Concurso de Pintura de Murais sobre Banda Desenhada, promovido pelas Estradas de Portugal e em parceria com a Câmara Municipal da Amadora.;
17;Sem título;NoMen;Troço IC17/Cril;Encosta do Sol;2010;Muro;http://geoportal.cm-amadora.pt/files_site_internet/links/pcultural/id17.jpg;-9,20144728318686;38,7597519452074;NoMen (2010). “Todos os meus registos me completam mas aquilo que me fascinou mais no graffiti foram as letras.”;
18;Sem título;Odeith;Troço IC17/Cril;Encosta do Sol;2010;Muro;http://geoportal.cm-amadora.pt/files_site_internet/links/pcultural/id18.jpg;-9,20147916910928;38,7595826587284;Odeith (2010). Mural realizado no âmbito do Concurso de Pintura de Murais sobre Banda Desenhada, promovido pelas Estradas de Portugal e em parceria com a Câmara Municipal da Amadora.;
19;Sem título;NoMen;Troço IC17/Cril;Encosta do Sol;2010;Muro;http://geoportal.cm-amadora.pt/files_site_internet/links/pcultural/id19.jpg;-9,20161213080328;38,7595342964718;NoMen (2010). “Nos anos 70 e 80, nos Estados Unidos e na Europa, não havia essa história de seres um especialista como hoje em dia. Tanto faziam só tags como à noite pintavam um comboio magnífico.”;
20;Sem título;Maismenos (+-);Troço IC17/Cril;Encosta do Sol;2010;Muro;http://geoportal.cm-amadora.pt/files_site_internet/links/pcultural/id20.jpg;-9,20174702624207;38,7594852407994;Maismenos  (2010). Mural realizado no âmbito do Concurso de Pintura de Murais sobre Banda Desenhada, promovido pelas Estradas de Portugal e em parceria com a Câmara Municipal da Amadora.;
21;Sem título;Que?;Troço IC17/Cril;Encosta do Sol;2010;Muro;http://geoportal.cm-amadora.pt/files_site_internet/links/pcultural/id21.jpg;-9,20190788440538;38,759426741592;Que? (2010). Mural realizado no âmbito do Concurso de Pintura de Murais sobre Banda Desenhada, promovido pelas Estradas de Portugal e em parceria com a Câmara Municipal da Amadora.;
22;Sem título;Mar;Troço IC17/Cril;Encosta do Sol;2010;Muro;http://geoportal.cm-amadora.pt/files_site_internet/links/pcultural/id22.jpg;-9,20212791095206;38,7593467128401;Mar (2010). Mural realizado no âmbito do Concurso de Pintura de Murais sobre Banda Desenhada, promovido pelas Estradas de Portugal e em parceria com a Câmara Municipal da Amadora.;
23;Sem título;Risko;Troço IC17/Cril;Falagueira-Venda Nova;2010;Muro;http://geoportal.cm-amadora.pt/files_site_internet/links/pcultural/id23.jpg;-9,20791113285777;38,7587941809578;Risko (2010). Peça realizada no âmbito do Concurso de Pintura de Murais sobre Banda Desenhada, promovido pelas Estradas de Portugal e em parceria com a Câmara Municipal da Amadora.;
24;Sem título;Mito;Troço IC17/Cril;Falagueira-Venda Nova;2010;Muro;http://geoportal.cm-amadora.pt/files_site_internet/links/pcultural/id24.jpg;-9,20783943541361;38,7587894536372;Mito (2010). Peça realizada no âmbito do Concurso de Pintura de Murais sobre Banda Desenhada, promovido pelas Estradas de Portugal e em parceria com a Câmara Municipal da Amadora.;
35;Sem título;Slap;Troço IC17/Cril;Encosta do Sol;2010;Muro;http://geoportal.cm-amadora.pt/files_site_internet/links/pcultural/id35.jpg;-9,20236059244232;38,7592620910299;"Slap (2010). """"Acho que [a Arte] é um acto de exteriorização de sentimentos, de ideias, de mil e uma coisas."""" Peça realizada no âmbito do Concurso de Pintura de Murais sobre Banda Desenhada, promovido pelas Estradas de Portugal e em parceria com a Câmara Municipal da Amadora. ";
36;Sem título;Tko/Pariz One/Gvs Crew;Troço IC17/Cril;Falagueira-Venda Nova;2010;Muro;http://geoportal.cm-amadora.pt/files_site_internet/links/pcultural/id36.jpg;-9,21184191100683;38,7506511685949;Tko/Pariz One/Gvs Crew (2010). Mural realizado no âmbito do Concurso de Pintura de Murais sobre Banda Desenhada, promovido pelas Estradas de Portugal e em parceria com a Câmara Municipal da Amadora.;
37;Sem título;Mask;Troço IC17/Cril;Falagueira-Venda Nova;2010;Muro;http://geoportal.cm-amadora.pt/files_site_internet/links/pcultural/id37.jpg;-9,21168554578741;38,7505194675151;Mask (2010). Mural realizado no âmbito do Concurso de Pintura de Murais sobre Banda Desenhada, promovido pelas Estradas de Portugal e em parceria com a Câmara Municipal da Amadora.;
38;Sem título;Sam Uray;Troço IC17/Cril;Falagueira-Venda Nova;2010;Muro;http://geoportal.cm-amadora.pt/files_site_internet/links/pcultural/id38.jpg;-9,21154900570235;38,7505310413534;Sam Uray (2010). Mural realizado no âmbito do Concurso de Pintura de Murais sobre Banda Desenhada, promovido pelas Estradas de Portugal e em parceria com a Câmara Municipal da Amadora.;
39;Sem título;Vile;Troço IC17/Cril;Falagueira-Venda Nova;2010;Muro;http://geoportal.cm-amadora.pt/files_site_internet/links/pcultural/id39.jpg;-9,2111355805787;38,7508122140936;Vile (2010). Mural realizado no âmbito do Concurso de Pintura de Murais sobre Banda Desenhada, promovido pelas Estradas de Portugal e em parceria com a Câmara Municipal da Amadora.;
40;Sem título;Mar;Troço IC17/Cril;Falagueira-Venda Nova;2010;Muro;http://geoportal.cm-amadora.pt/files_site_internet/links/pcultural/id40.jpg;-9,21100946259149;38,7510242405947;Mar (2010). Peça realizada no âmbito do Concurso de Pintura de Murais sobre Banda Desenhada, promovido pelas Estradas de Portugal e em parceria com a Câmara Municipal da Amadora.;
41;Sem título;Azylum/ACS;Troço IC17/Cril;Falagueira-Venda Nova;2013;Muro;http://geoportal.cm-amadora.pt/files_site_internet/links/pcultural/id41.jpg;-9,21098409237536;38,7510919338954;Azylum (2013). Mural localizado no sub-balanço Falagueira-Venda-Nova da IC17/CRIL.;
42;Sem título;Glam & Travis;Troço IC17/Cril;Falagueira-Venda Nova;2010;Muro;http://geoportal.cm-amadora.pt/files_site_internet/links/pcultural/id42.jpg;-9,21103911075214;38,750953409155;Glam & Travis (2010). Peça realizada no âmbito do Concurso de Pintura de Murais sobre Banda Desenhada, promovido pelas Estradas de Portugal e em parceria com a Câmara Municipal da Amadora.;
43;Sem título;Kreyz;Troço IC17/Cril;Falagueira-Venda Nova;2010;Muro;http://geoportal.cm-amadora.pt/files_site_internet/links/pcultural/id43.jpg;-9,21095106841984;38,7511784790114;Kreyz (2010). Peça realizada no âmbito do Concurso de Pintura de Murais sobre Banda Desenhada, promovido pelas Estradas de Portugal e em parceria com a Câmara Municipal da Amadora.;
44;Sem título;Risko;Troço IC17/Cril;Falagueira-Venda Nova;2010;Muro;http://geoportal.cm-amadora.pt/files_site_internet/links/pcultural/id44.jpg;-9,21126973998292;38,7507203402398;Risko (2010). Peça realizada no âmbito do Concurso de Pintura de Murais sobre Banda Desenhada, promovido pelas Estradas de Portugal e em parceria com a Câmara Municipal da Amadora.;
45;Sem título;Gramaxo & Barbosa;Rua Henrique Paiva Couceiro;Falagueira-Venda Nova;;Muro;http://geoportal.cm-amadora.pt/files_site_internet/links/pcultural/id45.jpg;-9,21903542969371;38,7539796423767;Barbosa & Gramaxo. Mural localizado no Parque Industrial da Venda-Nova e que apresenta a dinâmica fabril, através dos instrumentos e da linha de produção.;
46;Sem título;Reis;Troço IC17/Cril;Falagueira-Venda Nova;2010;Muro;http://geoportal.cm-amadora.pt/files_site_internet/links/pcultural/id46.jpg;-9,20731226019463;38,7587720329714;Reis (2010). Mural realizado no âmbito do Concurso de Pintura de Murais sobre Banda Desenhada, promovido pelas Estradas de Portugal e em parceria com a Câmara Municipal da Amadora.;
47;Sem título;GVS/VDS Crews;Rua do Parque;Falagueira-Venda Nova;;Muro;http://geoportal.cm-amadora.pt/files_site_internet/links/pcultural/id47.jpg;-9,21176183426123;38,7562439404996;GVS/VDS Crews. “O Graffiti é feito na rua e a sua aprendizagem é na rua.” Mural localizado na zona velha da Venda-Nova e alusivo ao jogo Angry Games. Eko, membro da GVS Crew.;
48;Sem título;GVS Crew;Rua do Parque;Falagueira-Venda Nova;;Muro;http://geoportal.cm-amadora.pt/files_site_internet/links/pcultural/id48.jpg;-9,21157371657167;38,7567947727876;GVS Crew. “O Graffiti será sempre visto à margem da lei, mas para se poder julgar ou estereotipar tem que se ter conhecimento de causa.” Mural localizado na zona velha da Venda-Nova e que apresenta um lettering a três dimensões. Eko, membro da GVS Crew.;
49;Sem título;Raps;Rua do Parque;Falagueira-Venda Nova;;Muro;http://geoportal.cm-amadora.pt/files_site_internet/links/pcultural/id49.jpg;-9,21172551842082;38,7565574401547;Raps. Mural localizado na zona velha da Venda-Nova.;
50;Sem título;Fone e Risko;Rua do Parque;Falagueira-Venda Nova;2012;Muro;http://geoportal.cm-amadora.pt/files_site_internet/links/pcultural/id50.jpg;-9,21173810185915;38,7564556622146;Fone e Risko (2012). Mural localizado na zona velha da Venda-Nova;
51;Sem título;Eko/Pariz One/GVS Crew;Rua do Parque;Falagueira-Venda Nova;2010;Muro;http://geoportal.cm-amadora.pt/files_site_internet/links/pcultural/id51.jpg;-9,21135585643377;38,7570221305297;Eko/Pariz One/GVS Crew (2010). Mural localizado na zona velha da Venda-Nova;
52;Sem título;Caos;Troço IC17/Cril;Falagueira-Venda Nova;2010;Muro;http://geoportal.cm-amadora.pt/files_site_internet/links/pcultural/id52.jpg;-9,21107413184766;38,75089105853;Caos (2010). Mural realizado no âmbito do Concurso de Pintura de Murais sobre Banda Desenhada, promovido pelas Estradas de Portugal e em parceria com a Câmara Municipal da Amadora.;
53;Sem título;Pedro Gramaxo;Troço IC17/Cril;Falagueira-Venda Nova;2010;Muro;http://geoportal.cm-amadora.pt/files_site_internet/links/pcultural/id53.jpg;-9,20804032793036;38,7588064774112;Pedro Gramaxo (2010). Peça realizada no âmbito do Concurso de Pintura de Murais sobre Banda Desenhada, promovido pelas Estradas de Portugal e em parceria com a Câmara Municipal da Amadora.;
54;Sem título;Slap;Troço IC17/Cril;Falagueira-Venda Nova;2010;Muro;http://geoportal.cm-amadora.pt/files_site_internet/links/pcultural/id54.jpg;-9,21123383496149;38,7507300305336;Slap (2010). Peça realizada no âmbito do Concurso de Pintura de Murais sobre Banda Desenhada, promovido pelas Estradas de Portugal e em parceria com a Câmara Municipal da Amadora.;
55;Sem título;Klit;Troço IC17/Cril;Falagueira-Venda Nova;2010;Muro;http://geoportal.cm-amadora.pt/files_site_internet/links/pcultural/id55.jpg;-9,21091277880097;38,7512736300739;Klit (2010). Mural realizado no âmbito do Concurso de Pintura de Murais sobre Banda Desenhada, promovido pelas Estradas de Portugal e em parceria com a Câmara Municipal da Amadora.;
56;Sem título;Obey;Troço IC17/Cril;Encosta do Sol;2010;Muro;http://geoportal.cm-amadora.pt/files_site_internet/links/pcultural/id56.jpg;-9,20691455105872;38,7593269458222;Obey (2010). Mural realizado no âmbito do Concurso de Pintura de Murais sobre Banda Desenhada, promovido pelas Estradas de Portugal e em parceria com a Câmara Municipal da Amadora.;
57;Sem título;Nark;Troço IC17/Cril;Encosta do Sol;2010;Muro;http://geoportal.cm-amadora.pt/files_site_internet/links/pcultural/id57.jpg;-9,20182832494761;38,7594556725027;Nark (2010). Mural realizado no âmbito do Concurso de Pintura de Murais sobre Banda Desenhada, promovido pelas Estradas de Portugal e em parceria com a Câmara Municipal da Amadora.;
58;Sem título;Utopia;Troço IC17/Cril;Encosta do Sol;2010;Muro;http://geoportal.cm-amadora.pt/files_site_internet/links/pcultural/id58.jpg;-9,20167475563103;38,7595115287334;Utopia (2010). Peça realizada no âmbito do Concurso de Pintura de Murais sobre Banda Desenhada, promovido pelas Estradas de Portugal e em parceria com a Câmara Municipal da Amadora.;
59;Sem título;GVS Crew;Troço IC17/Cril;Encosta do Sol;2010;Muro;http://geoportal.cm-amadora.pt/files_site_internet/links/pcultural/id59.jpg;-9,2020268858122;38,7593834608114;GVS Crew (2010). Mural realizado no âmbito do Concurso de Pintura de Murais sobre Banda Desenhada, promovido pelas Estradas de Portugal e em parceria com a Câmara Municipal da Amadora.;
60;Sem título;Ble;Troço IC17/Cril;Encosta do Sol;2010;Muro;http://geoportal.cm-amadora.pt/files_site_internet/links/pcultural/id60.jpg;-9,20229517110294;38,7594435838245;Ble (2010). Mural realizado no âmbito do Concurso de Pintura de Murais sobre Banda Desenhada, promovido pelas Estradas de Portugal e em parceria com a Câmara Municipal da Amadora.;
61;Sem título;David Simões;Troço IC17/Cril;Encosta do Sol;2010;Muro;http://geoportal.cm-amadora.pt/files_site_internet/links/pcultural/id61.jpg;-9,2021436730743;38,759498674075;David Simões (2010). Mural realizado no âmbito do Concurso de Pintura de Murais sobre Banda Desenhada, promovido pelas Estradas de Portugal e em parceria com a Câmara Municipal da Amadora. ;
62;Sem título;Nark;Troço IC17/Cril;Encosta do Sol;2010;Muro;http://geoportal.cm-amadora.pt/files_site_internet/links/pcultural/id62.jpg;-9,20191242090525;38,7595827779481;Nark (2010). Mural realizado no âmbito do Concurso de Pintura de Murais sobre Banda Desenhada, promovido pelas Estradas de Portugal e em parceria com a Câmara Municipal da Amadora.;
63;Sem título;Slap;Troço IC17/Cril;Encosta do Sol;2010;Muro;http://geoportal.cm-amadora.pt/files_site_internet/links/pcultural/id63.jpg;-9,20154299538932;38,7595594477039;Slap (2010). Mural realizado no âmbito do Concurso de Pintura de Murais sobre Banda Desenhada, promovido pelas Estradas de Portugal e em parceria com a Câmara Municipal da Amadora.;
64;Sem título;Vile;Troço IC17/Cril;Encosta do Sol;2010;Muro;http://geoportal.cm-amadora.pt/files_site_internet/links/pcultural/id64.jpg;-9,20725501730652;38,7593761793959;Vile (2010). Mural realizado no âmbito do Concurso de Pintura de Murais sobre Banda Desenhada, promovido pelas Estradas de Portugal e em parceria com a Câmara Municipal da Amadora.;
65;Amália Rodrigues;Odeith;Rua Dr. Francisco Sousa Tavares;Águas Livres;2014;Muro;http://geoportal.cm-amadora.pt/files_site_internet/links/pcultural/id65.jpg;-9,21596180946516;38,7411728772235;Odeith (2014). Mural de tributo a Amália Rodrigues, localizado na Rua Dr. Francisco Sousa Tavares, na Damaia.;
66;In Memory of H.R. Giger;Odeith;Rua do Liceu;Águas Livres;2014;Muro;http://geoportal.cm-amadora.pt/files_site_internet/links/pcultural/id66.jpg;-9,2150501184427;38,7413043210849;Odeith (2014). Mural de tributo a H. R. Giger, localizado nas traseiras da Escola Secundária D. João V, na Damaia.;
67;Sem título;Miguel Brum ;Estaleiros Municipais da CMA. Estrada da Serra da Mira;Mina de Água;2015;Viatura;http://geoportal.cm-amadora.pt/files_site_internet/links/pcultural/id67.jpg;-9,23254343204819;38,7741774379919;Miguel Brum (2015). Mural realizado no âmbito das comemorações do 25 de Abril e que tem como suporte um camião do lixo. Este veículo desloca-se periodicamente pela cidade a fim de realizar a recolha de resíduos.;
68;O virar da página;Glam;Avenida Conde Castro Guimarães;Venteira;2015;Muro;http://geoportal.cm-amadora.pt/files_site_internet/links/pcultural/id68.jpg;-9,2338742950296;38,752415493782;Glam (2015). Mural realizado no âmbito das comemorações do 25 de Abril;
69;Sem título;Creyz / Esc. Prof. Gustavo Eiffel;Rua João de Deus;Falagueira-Venda Nova;2015;Muro;http://geoportal.cm-amadora.pt/files_site_internet/links/pcultural/id69.jpg;-9,21966415909656;38,7554665589787;"Creyz / Esc. Prof. Gustavo Eiffel (2015). Mural realizado no âmbito da 1.ª edição do Projecto """"Conversas na Rua"""", inserido no workshop """"Pinta na Rua"""", que contou com a colaboração de 8 alunos da Escola Profissional Gustave Eiffel";
70;Sem título ;VFM/GVS;Rua Moinho da Galega;Mina de Água;2014;Muro;http://geoportal.cm-amadora.pt/files_site_internet/links/pcultural/id70.jpg;-9,22737961954211;38,7669938547236;VFM/GVS (2014). Mural de graffiti da autoria das crews VFM e GVS.;
71;Sem título ;Rote/Eko/Dzer/MLK ;Rua Moinho da Galega;Mina de Água;2014;Muro;http://geoportal.cm-amadora.pt/files_site_internet/links/pcultural/id71.jpg;-9,22747554174042;38,7669734547248;Rote/Eko/Dzer/MLK (2014). Mural de graffiti da autoria dos artistas Rote, Dzer, Eko e da crew MLK;
72;Sem título ;Eko/MDK/FMK ;Rua Moinho da Galega;Mina de Água;2014;Muro;http://geoportal.cm-amadora.pt/files_site_internet/links/pcultural/id72.jpg;-9,22758300893028;38,7669496046491;Eko/MDK/FMK (2014). Mural de graffiti da autoria do artista Eko e das crews MDK e FMK;
73;Carlos Paredes;Odeith;Empena do prédio N.º 16 da R. António Duarte Caneças;Falagueira-Venda Nova;2015;Empena;http://geoportal.cm-amadora.pt/files_site_internet/links/pcultural/id73.jpg;-9,22020827588838;38,7581528240549;Odeith (2015). Mural com a representação de Carlos Paredes e a sua inseparável guitarra portuguesa;
74;Sem título;APAURB (artistas:Slap, Uber, Kurtz, Ephan e Dome);Rua Capitão Plácido de Abreu;Venteira;2015;Empena;http://geoportal.cm-amadora.pt/files_site_internet/links/pcultural/id74.jpg;-9,23408940406366;38,7570769785231;APAURB - Associação Portuguesa de Arte Urbana (2015). A intervenção no edifício do Centro de Saúde da Amadora insere-se no programa de requalificação urbana promovido pela Câmara Municipal da Amadora e consistiu na aplicação de uma imagem construída a partir do cartaz da autoria de Ricardo Cabral para a edição de 2014 do Festival Internacional de Banda Desenhada da Amadora - Amadora BD.;
75;Sem título;Ana Dias e Elsa Pedrosa ;Caminho da Fonte;Venteira;2015;Muro;http://geoportal.cm-amadora.pt/files_site_internet/links/pcultural/id75.jpg;-9,24254680347527;38,7576866536583;"Ana Dias e Elsa Pedrosa (2015). Mural inspirado na obra do ilustrador português Roque Gameiro e do artista plástico Bordallo Pinheiro. Esta intervenção resultou do workshop """"Pinta na Rua"""" no âmbito da primeira edição do projeto """"Conversas na Rua"""".";
76;Sem título;NADA e Damn One ;Rua Manuel Ribeiro de Pavia;Falagueira-Venda Nova;2015;Muro;http://geoportal.cm-amadora.pt/files_site_internet/links/pcultural/id76.jpg;-9,21792177720463;38,7562010965898;"NADA e Damn One (2015). Mural realizado no âmbito da primeira edição do projeto """"Conversas na Rua"""" subentendido às temáticas da multiculturalidade e da interculturalidade.";
77;Gustave Eiffel;2CarryOn e MAMB;Rua Luís de Camões, 4 e 6;Venteira;2016;Muro;http://geoportal.cm-amadora.pt/files_site_internet/links/pcultural/id77.jpg;-9,2358595234702;38,7569097163616;2CarryOn e MAMB (2016). Esta pintura mural representa um tributo a Alexandre Gustave Eiffel, que se notabilizou pela construção de grandes infraestruturas históricas, como é o caso da Torre Eiffel, em Paris, e da Ponte D. Maria, no Porto. O nome da Escola pretende homenagear o contributo do engenheiro francês nas artes, nas ciências e na tecnologia, elementos também presentes na pintura mural.;
78;Sem título;APAURB;Rua Gonçalves Ramos;Venteira;2014;Muro;http://geoportal.cm-amadora.pt/files_site_internet/links/pcultural/id78.jpg;-9,23575296466213;38,7563186053455;APAURB (2014). Mural alusivo ao 15º Festival Internacional da Banda Desenhada da Amadora, em 2004. Desenho de André Carrilho.;
79;Sem título;APAURB;Rua Gonçalves Ramos;Venteira;2014;Muro;http://geoportal.cm-amadora.pt/files_site_internet/links/pcultural/id79.jpg;-9,23641366453419;38,7560437856265;APAURB (2014). Mural alusivo ao 13º Festival Internacional da Banda Desenhada da Amadora, em 2002. Desenho de Pedro Brito.;
80;Sem título;APAURB;Rua Gonçalves Ramos;Venteira;2014;Muro;http://geoportal.cm-amadora.pt/files_site_internet/links/pcultural/id80.jpg;-9,23653410716546;38,7559942318412;APAURB (2014). Mural alusivo ao 20º Festival Internacional da Banda Desenhada da Amadora, em 2009. Desenho de Rui Lacas.;
81;Sem título;APAURB;Rua Gonçalves Ramos;Venteira;2014;Muro;http://geoportal.cm-amadora.pt/files_site_internet/links/pcultural/id81.jpg;-9,23666518361756;38,7559397313484;APAURB (2014). Mural alusivo ao 20º Festival Internacional da Banda Desenhada da Amadora, em 2009. Desenho de Rui Lacas.;
82;Sem título;APAURB;Rua Gonçalves Ramos;Venteira;2014;Muro;http://geoportal.cm-amadora.pt/files_site_internet/links/pcultural/id82.jpg;-9,23701865592469;38,755795007376;APAURB (2014). Mural alusivo ao 20º Festival Internacional da Banda Desenhada da Amadora, em 2009. Desenho de Rui Lacas.;
83;Sem título;APAURB;Rua Gonçalves Ramos;Venteira;2014;Muro;http://geoportal.cm-amadora.pt/files_site_internet/links/pcultural/id83.jpg;-9,23747259720133;38,7556238590806;APAURB (2014). Mural alusivo ao 19º Festival Internacional da Banda Desenhada da Amadora, em 2008. Desenho de Luís Henriques.;
84;Sem título;APAURB;Rua Gonçalves Ramos;Venteira;2014;Muro;http://geoportal.cm-amadora.pt/files_site_internet/links/pcultural/id84.jpg;-9,23783955122129;38,7555330158007;APAURB (2014). Mural alusivo ao 20º Festival Internacional da Banda Desenhada da Amadora, em 2009. Desenho de Rui Lacas.;
85;Sem título;APAURB;Rua Gonçalves Ramos;Venteira;2014;Muro;http://geoportal.cm-amadora.pt/files_site_internet/links/pcultural/id85.jpg;-9,23954302704559;38,7554215995864;APAURB (2014). Mural alusivo ao 20º Festival Internacional da Banda Desenhada da Amadora, em 2009. Desenho de Rui Lacas.;
86;Sem título;APAURB;Rua Gonçalves Ramos;Venteira;2014;Muro;http://geoportal.cm-amadora.pt/files_site_internet/links/pcultural/id86.jpg;-9,23972562155039;38,7554174747915;APAURB (2014). Mural alusivo ao 20º Festival Internacional da Banda Desenhada da Amadora, em 2009. Desenho de Rui Lacas.;
87;Sem título;APAURB;Rua Gonçalves Ramos;Venteira;2014;Empena;http://geoportal.cm-amadora.pt/files_site_internet/links/pcultural/id87.jpg;-9,23977162748145;38,7554906055862;APAURB (2014). Mural alusivo ao 12º Festival Internacional da Banda Desenhada da Amadora, em 2001. Desenho de Luís Henriques.;
88;Sem título;APAURB;Rua Gonçalves Ramos;Venteira;2014;Muro;http://geoportal.cm-amadora.pt/files_site_internet/links/pcultural/id88.jpg;-9,24039557492981;38,7554013200499;APAURB (2014). Mural alusivo ao 20º Festival Internacional da Banda Desenhada da Amadora, em 2009. Desenho de Rui Lacas.;
89;Sem título;APAURB;Rua Dona Filipa de Lencastre;Venteira;2014;Muro;http://geoportal.cm-amadora.pt/files_site_internet/links/pcultural/id89.jpg;-9,24356231233113;38,7556472819476;APAURB (2014). Mural alusivo ao 16º Festival Internacional da Banda Desenhada da Amadora, em 2005. Desenho de Ricardo Ferrand.;
90;Sem título;APAURB;Estrada Velha de Queluz;Venteira;2014;Muro;http://geoportal.cm-amadora.pt/files_site_internet/links/pcultural/id90.jpg;-9,24491550327696;38,7556762131495;APAURB (2014). Mural alusivo ao 14º Festival Internacional da Banda Desenhada da Amadora, em 2003. Desenho de José Carlos Fernandes;
91;Sem título;APAURB;Estrada Velha de Queluz;Venteira;2014;Muro;http://geoportal.cm-amadora.pt/files_site_internet/links/pcultural/id91.jpg;-9,24517502442551;38,755785494352;APAURB (2014). Mural alusivo ao 17º Festival Internacional da Banda Desenhada da Amadora, em 2006. Desenho de Filipe Abranches.;
92;Sem título;APAURB;Estrada Velha de Queluz;Venteira;2014;Muro;http://geoportal.cm-amadora.pt/files_site_internet/links/pcultural/id92.jpg;-9,24542046591705;38,755887387492;APAURB (2014). Mural alusivo ao 17º Festival Internacional da Banda Desenhada da Amadora, em 2006. Desenho de Filipe Abranches.;
93;Sem título;APAURB;Estrada Velha de Queluz;Venteira;2014;Muro;http://geoportal.cm-amadora.pt/files_site_internet/links/pcultural/id93.jpg;-9,24575948903943;38,756027572997;APAURB (2014). Mural alusivo ao 22º Festival Internacional da Banda Desenhada da Amadora, em 2011. Desenho de Filipe Abranches.;
94;Sem título;APAURB;Estrada Velha de Queluz;Venteira;2014;Muro;http://geoportal.cm-amadora.pt/files_site_internet/links/pcultural/id94.jpg;-9,24616919259369;38,756195819148;APAURB (2014). Mural alusivo ao 23º Festival Internacional da Banda Desenhada da Amadora, em 2012. Desenho de Filipe Abranches.;
95;Sem título;APAURB;Estrada Velha de Queluz;Venteira;2014;Muro;http://geoportal.cm-amadora.pt/files_site_internet/links/pcultural/id95.jpg;-9,24635629877012;38,7562739268846;APAURB (2014). Mural alusivo ao 23º Festival Internacional da Banda Desenhada da Amadora, em 2012. Desenho de Filipe Abranches.;
96;Amália Rodrigues;Odeith;Rua Carlos Duarte Caneças;Falagueira-Venda Nova;2016;Empena;http://geoportal.cm-amadora.pt/files_site_internet/links/pcultural/id96.jpg;-9,220328369879;38,7588503767405;"Odeith (2016). Mural da autoria de Odeith que representa uma homenagem à fadista portuguesa Amália Rodrigues. Esta intervenção artística foi realizada no âmbito da segunda edição do evento """"Conversas na Rua"""", cujo objetivo é convidar um conjunto de artistas portugueses a intervir em suportes urbanos do concelho da Amadora.";
97;Zeca Afonso;Odeith;Rua António Duarte Caneças;Falagueira-Venda Nova;2016;Empena;http://geoportal.cm-amadora.pt/files_site_internet/links/pcultural/id97.jpg;-9,22049907651596;38,758378375746;"Odeith (2016). Mural da autoria de Odeith que presta homenagem ao músico e compositor português José Afonso. Esta intervenção artística foi realizada no âmbito da segunda edição do evento """"Conversas na Rua"""", cujo objetivo é convidar um conjunto de artistas portugueses a intervir em suportes urbanos do concelho da Amadora.";
98;Sem título ;Hugo Lucas;Avenida Conde de Oeiras;Venteira;2016;Empena;http://geoportal.cm-amadora.pt/files_site_internet/links/pcultural/id98.jpg;-9,23308738907655;38,7525125386178;"Hugo Lucas (2016). Mural da autoria de Hugo Lucas alusivo ao tema da banda desenhada. Esta intervenção artística foi realizada no âmbito da segunda edição do evento """"Conversas na Rua"""", cujo objetivo é convidar um conjunto de artistas portugueses a intervir em suportes urbanos do concelho da Amadora.";
99;Sem título ;Gonçalo Ribeiro (MAR);Avenida Santos Matos;Venteira;2016;Empena;http://geoportal.cm-amadora.pt/files_site_internet/links/pcultural/id99.jpg;-9,23489777772378;38,7583803865598;"Gonçalo Ribeiro (2016). Mural da autoria de MAR alusivo à temática da dança contemporânea e, especificamente, ao grupo Quorum Ballet. O artista inspirou-se, igualmente, nos estudos de anatomia de Leonardo da Vinci. Esta intervenção artística foi realizada no âmbito da segunda edição do evento """"Conversas na Rua"""", cujo objetivo é convidar um conjunto de artistas portugueses a intervir em suportes urbanos do concelho da Amadora.";
100;Sem título ;Sara Morais;Avenida Santos Matos;Venteira;2016;Muro;http://geoportal.cm-amadora.pt/files_site_internet/links/pcultural/id100.jpg;-9,2348232752559;38,7587095659484;"Sara Morais (2016). Mural da autoria de Sara Morais, cuja representação remete para o movimento de uma bailarina de dança contemporânea do grupo Quorum Ballet. Esta intervenção artística foi realizada no âmbito da segunda edição do evento """"Conversas na Rua"""", cujo objetivo é convidar um conjunto de artistas portugueses a intervir em suportes urbanos do concelho da Amadora.";
101;Stage Fright;Regg Salgado;Avenida Santos Matos;Venteira;2016;Muro;http://geoportal.cm-amadora.pt/files_site_internet/links/pcultural/id101.jpg;-9,23477859514869;38,7585653494871;"Regg Salgado (2016). Mural da autoria de Regg Salgado alusivo à temática do teatro e da dança contemporânea com a representação de uma dançarina do grupo Quorum Ballet. Esta intervenção artística foi realizada no âmbito da segunda edição do evento """"Conversas na Rua"""", cujo objetivo é convidar um conjunto de artistas portugueses a intervir em suportes urbanos do concelho da Amadora.";
102;Sem título ;Ana Dias;Praceta 1º de Dezembro;Venteira;2016;Muro;http://geoportal.cm-amadora.pt/files_site_internet/links/pcultural/id102.jpg;-9,24199635776262;38,7576693311462;"Ana Dias (2016). Mural da autoria da ilustradora Ana Dias que assenta em linhas de construção baseadas na planta e desenhos da Casa Roque Gameiro, assim como nos azulejos e no jardim envolvente. Esta intervenção artística realizou-se no âmbito da segunda edição do evento """"Conversas na Rua"""", cujo objetivo é convidar um conjunto de artistas portugueses a intervir em suportes urbanos do concelho da Amadora.";
103;Sem título ;Elsa Poderosa;Praceta 1º de Dezembro;Venteira;2016;Muro;http://geoportal.cm-amadora.pt/files_site_internet/links/pcultural/id103.jpg;-9,24194828176196;38,7576916401027;"Elsa Poderosa (2016). Mural da autoria da ilustradora Elsa Poderosa inspirado na azulejaria que reveste a Casa Roque Gameiro, recuperando ainda elementos da planta do espaço. Esta pintura mural realizou-se no âmbito da segunda edição do evento """"Conversas na Rua"""", cujo objetivo é convidar um conjunto de artistas portugueses a intervir em suportes urbanos do concelho da Amadora.";
104;Sem título ;Nuno Alecrim;Avenida Conde Castro Guimarães;Venteira;2016;Muro;http://geoportal.cm-amadora.pt/files_site_internet/links/pcultural/id104.jpg;-9,23337067423022;38,7525134572718;"Nuno Alecrim (2016). Intervenção artística da autoria do artista plástico Nuno Alecrim que representa um templo sagrado e que reforça a literatura como uma arte ancestral. Através de dois padrões desenvolvidos propositadamente para o espaço, o artista recupera a pena, que durante mais de dois milénios representou um importante instrumento de escrita das sociedades ditas civilizadas, e a geometria aludindo aos manuscritos ancestrais. Esta intervenção realizou-se no âmbito da segunda edição do evento """"Conversas na Rua"""", cujo objetivo é convidar um conjunto de artistas portugueses a intervir em suportes urbanos do concelho da Amadora. ";
105;Sem título ;Kruella d’Enfer;Rua Elias Garcia;Venteira;2017;Empena;http://geoportal.cm-amadora.pt/files_site_internet/links/pcultural/id105.jpg;-9,2350431039426;38,7581778911198;"Kruella d'Enfer (2017). A artista visual e ilustradora propôs-se interagir com o local de acolhimento da sua intervenção plástica, incorporando elementos caracterizadores do edifício na sua proposta mural. A dança, o teatro, e a música estão representados nesta intervenção, numa atmosfera que envolve o sonho e o onírico. A artista recorreu à técnica de graffiti na criação de uma narrativa que dialogasse com as especificidades do lugar. A produção do mural inseriu-se na terceira edição do projecto """"Conversas na Rua"""", durante a qual procurou-se desenvolver intervenções artísticas urbanas por toda a cidade da Amadora, convidando os artistas a dialogar com a paisagem urbana.";
106;Sonhar é imaginar, dorme e repousa a vida no entretanto;Estúdio Altura;Rua Theys Willemse;Mina de Água;2017;Empena;http://geoportal.cm-amadora.pt/files_site_internet/links/pcultural/id106.jpg;-9,23335115575817;38,7587578344794;"Estúdio Altura (2017). Pedro Peixe liderou a produção da ilustração que culminou numa representação mural que procurou homenagear Almeida Garrett, o fundador da Escola de Artes Dramáticas, que, mais tarde, transitou para a cidade da Amadora, agora sob o nome de Escola Superior de Teatro e Cinema. O colectivo recorreu a uma técnica mista, entre pintura mural e graffiti, culminando numa proposta que, simbolicamente, revela a influência do teatro no cinema (com a alusão à caixa mágica e à primeira projecção cinematográfica pública pelos irmãos Lumiére), ou a contemplação da cidade e a relação com o caminho de ferro (novamente a referência aos irmãos Lumiére e à importância da estação ferroviária na cidade). A produção do mural decorreu no âmbito da terceira edição do projecto """"Conversas na Rua"""", durante a qual procurou-se desenvolver intervenções artísticas urbanas por toda a cidade da Amadora, convidando os artistas a dialogar com a paisagem urbana.";
107;Ease Your Mind;Draw & Contra;Estrada da Serra da Mira;Falagueira-Venda Nova;2017;Empena;http://geoportal.cm-amadora.pt/files_site_internet/links/pcultural/id107.jpg;-9,22867018128368;38,7627252919784;"Draw & Contra (2017). A dupla do Porto propôs-se exaltar a feminilidade através da representação de três versões de uma mulher, através da técnica da pintura mural (semelhança que poderá aludir a um tríptico). O universo que subjaz a intervenção remete para a delicadeza e subtileza da figura feminina acentuada pela presença de elementos simbólicos, como os lírios e o fundo abstracto com formas e contornos que remetem para uma envolvente idealizada ou uma dimensão divina. A produção do mural inseriu-se na terceira edição do projecto """"Conversas na Rua"""", durante a qual procurou-se desenvolver intervenções artísticas urbanas por toda a cidade da Amadora, convidando os artistas a dialogar com a paisagem urbana.";
108;Sem título ;Ana Dias & Nuno Alecrim;Calçada da Azenha;Mina de Água;2017;Muro;http://geoportal.cm-amadora.pt/files_site_internet/links/pcultural/id108.jpg;-9,23052030520266;38,7641935292;"Ana Dias e Alecrim (2017). A dupla de artistas foi desafiada a criar uma narrativa inspirada na memória histórica local, sobretudo, no seu passado rural com recurso à técnica do stencil. A linguagem figurativa e ilustrativa de Ana Dias juntou-se aos padrões geométricos e sequência caligráfica de Alecrim na criação de uma proposta mural que estabelecesse um diálogo com a envolvente. Esta intervenção artística decorreu no âmbito da terceira edição do projecto """"Conversas na Rua"""", durante a qual procurou-se desenvolver intervenções artísticas urbanas por toda a cidade da Amadora, convidando os artistas a dialogar com a paisagem urbana.";
109;Tributo a Fernando Pessoa;Odeith;Rua Manuel Ribeiro de Pavia;Falagueira-Venda Nova;2017;Empena;http://geoportal.cm-amadora.pt/files_site_internet/links/pcultural/id109.jpg;-9,21989702292823;38,7569943555429;"Odeith (2017). O artista presta homenagem ao poeta português Fernando Pessoa, numa representação mural de graffiti e na qual recorre a elementos simbólicos que caracterizavam a personalidade em causa. Esta intervenção artística decorreu no âmbito da terceira edição do projecto """"Conversas na Rua"""", cujo objectivo remete para o desenvolvimento de intervenções artísticas urbanas por toda a cidade da Amadora, com o convite à participação de artistas em diálogo com a paisagem urbana.";
110;Canto XI;Add Fuel;Praceta 1º de Dezembro;Venteira;2017;Muro;http://geoportal.cm-amadora.pt/files_site_internet/links/pcultural/id110.jpg;-9,24212711708341;38,7577096252082;"Add Fuel (2017). Intervenção artística realizada em colaboração com o grupo musical MGDRV. O artista recorreu à técnica do stencil, inspirando-se na azulejaria portuguesa. O mural presta homenagem a Luís Vaz de Camões e à sua obra homónima """"Os Lusíadas, concretamente, referindo-se à possibilidade de continuar a epopeia com um hipotético canto XI, proposto pelo grupo musical MGDRV.";
111;CARLOTA;Daniel Eime;Avenida do Brasil, 2;Falagueira-Venda Nova;2018;Empena;http://geoportal.cm-amadora.pt/files_site_internet/links/pcultural/id111.jpg;-9,22738458858122;38,7578850968795;Daniel Eime (2018). Este mural retrata de forma singela e até, pode dizer-se, naïve, uma criança que sorri a quem passa. Em “Carlota”, o artista volta a combinar o retrato com a pintura abstrata, num encontro de elementos, formas e contextos que compõem uma representação plural de estilos e linguagens.;
112;Tributo a Vasco Santana;Odeith;Rua António Duarte Caneças;Falagueira-Venda Nova;2018;Empena;http://geoportal.cm-amadora.pt/files_site_internet/links/pcultural/id112.jpg;-9,22051222663244;38,7578690079993;Odeith (2018). Odeith dedica este a um dos seus ídolos de infância: Vasco Santana. Neste mural, o artista explora, não só, o realismo, como também a abstração e a caligrafia. Inspirado pela golden age do cinema norte-americano, o artista recorre à técnica do spray para representar Vasco Santana enquadrado por uma aura dourada, que culmina na assinatura monumental em rodapé onde pode ler-se Odeith.;
113;Lady Bird;Frederico Draw & Contra;Avenida Alberto Henrique Lourenço;Venteira;2018;Muro;http://geoportal.cm-amadora.pt/files_site_internet/links/pcultural/id113.jpg;-9,24688315708274;38,7614788659312;Frederico Draw & Contra (2018). Com inspiração em Seomara da Costa Primo e nas suas ilustrações científicas, a dupla de artistas desenvolveu um mural colaborativo onde explorou o abstrato e o figurativo. Destaca-se o realismo da personalidade feminina representada e dos pássaros que, em diferentes sequências, marcam a narrativa.;
114;Sem título ;Pantónio;Avenida Marquês de Pombal;Mina de Água;2018;Empena;http://geoportal.cm-amadora.pt/files_site_internet/links/pcultural/id114.jpg;-9,23538374064868;38,7632482089101;Pantónio (2018). Nesta peça, o artista divide a narrativa em três atos, o primeiro sobre a origem do teatro, o segundo, um episódio de transição em que retrata a importância da música, e o terceiro, o cinema, com inspiração numa das obras máximas de Alfred Hitchcock, Os Pássaros. Este mural representa, sumariamente, a forma como o artista explora o movimento e a performatividade das suas personagens autorais.;
115;Ballarina;Pedro Peixe;Avenida General Humberto Delgado, 10;Mina de Água;2018;Empena;http://geoportal.cm-amadora.pt/files_site_internet/links/pcultural/id115.jpg;-9,23077812730464;38,7607402264037;Pedro Peixe (2018). O artista inspirou-se na dança contemporânea para a criação deste mural em grande escala, com recurso à técnica mista, entre pintura com tinta plástica e spray. O artista incorreu na experimentação de novas texturas e formas que permitissem enquadrar a figura central, abordando a parede como se de uma tela se tratasse. ;
116;2700;Samina;Avenida do Brasil, 1;Falagueira-Venda Nova;2019;Empena;http://geoportal.cm-amadora.pt/files_site_internet/links/pcultural/id116.jpg;-9,22704213709775;38,7578411200359;Samina (2019). Homenagem à diversidade cultural da cidade da Amadora, através da representação de uma mulher de origem africana em grande escala, com recurso à técnica do stencil. A inclusão do número “2700” remete para o código postal da cidade, mais uma vez numa tentativa de exaltação e de celebração do lugar.;
117;Ophelia;Tamara Alves;Rua Pio XII, 10;Venteira;2019;Empena;http://geoportal.cm-amadora.pt/files_site_internet/links/pcultural/id117.jpg;-9,23825703082678;38,7560308013979;Tamara Alves (2019). A artista inspirou-se numa Ofélia moderna de Shakespeare, não de uma forma efémera e trágica, mas perpétua, forte e apaixonada. Contrastando com a representação de Millais (a mais famosa pintura da Ofélia), onde as flores estão murchas, nesta obra elas surgem a desabrochar, crescem como parte da personagem. Como diz Ofélia “Nós sabemos o que somos..mas não o que podemos vir a ser.”;
118;Sem título ;Odeith;Rua Doutor Teixeira Coelho, 15;Águas Livres;2019;Empena;http://geoportal.cm-amadora.pt/files_site_internet/links/pcultural/id118.jpg;-9,23343955910672;38,747769224044;Odeith (2019). Composição abstrata que explora a tridimensionalidade dos objetos, aludindo-se às diferentes perspectivas do olhar. Nesta obra, a borboleta representa simbolicamente a leveza. Enquanto que os auscultadores o poder da música.;
119;GEAR ;Third;Estrada Salvador Allende, 17;Venteira;2019;Empena;http://geoportal.cm-amadora.pt/files_site_internet/links/pcultural/id119.jpg;-9,23306753515605;38,7565289295272;Third (2019). Ilustração que remete para o passado da cidade ligado à aviação e ao seu pioneirismo, com um tributo declarado ao GEAR. ;
120;Sem título ;Caver;Avenida Doutor Mário Soares, Lote 2;Encosta do Sol;2019;Empena;http://geoportal.cm-amadora.pt/files_site_internet/links/pcultural/id120.jpg;-9,20626792770174;38,7585872030422;Caver (2019). Ilustração que representa, em simultâneo, as duas facetas da cidade da Amadora: por um lado, os vestígios de uma ruralidade anteriormente demarcada porém ainda presente, por outro, uma cidade que cresce a um ritmo célere e virada para o futuro.;
121;Sem título ;Kruella D’Enfer;Rua Fonte dos Passarinhos, 5;Mina de Água;2020;Empena;http://geoportal.cm-amadora.pt/files_site_internet/links/pcultural/id121.jpg;-9,23024110933227;38,7610782498575;Kruella d'Enfer (1988) refugia-se no seu universo visual encantado, onde cria personagens, mitos e cenários onde a natureza assume um lugar primordial. Este mural é inspirado no ciclo da água e na relação de proximidade do Município a este recurso natural, patente nas várias fontes e chafarizes do concelho e na existência de um troço do Aqueduto das Águas Livres que se estende por várias freguesias.;
122;Sem título;Odeith ;Avenida General Humberto Delgado, 2;Mina de Água;2020;Empena;http://geoportal.cm-amadora.pt/files_site_internet/links/pcultural/id122.jpg;-9,24129488561031;38,7631174433909;Natural da Damaia, Odeith (1976), desde cedo, revelou aptidão para as artes plásticas. Em meados de 1980, toma contacto com uma lata de spray pela primeira vez e, a partir desta data, o graffiti assume-se como uma prática recorrente. Em 2020, o artista decidiu homenagear os profissionais de saúde do Hospital Amadora-Sintra, através da representação de três anjos, em que um destes personagens empunha a Covid-19 numa alegoria ao combate à pandemia.;
123;Sem título ;Aka Corleone ;Avenida Ruy Luiz Gomes, 1;Encosta do Sol;2020;Empena;http://geoportal.cm-amadora.pt/files_site_internet/links/pcultural/id123.jpg;-9,21034424805816;38,7645335031835;No campo das artes visuais, Aka Corleone é conhecido pela destreza com que aborda o uso da cor, a tipografia, personagens e formas depuradas que combina de forma hábil, de modo a produzir composições apelativas imbuídas de originalidade e de um humor abrangente. Este mural é inspirado na banda desenhada alternativa e nos murais publicitários das décadas de 60’ e 70’ dos Estados Unidos. ;
124;Sem título ;Jorge Charrua ;Praceta Ruy Belo, 15;Encosta do Sol;2020;Empena;http://geoportal.cm-amadora.pt/files_site_internet/links/pcultural/id124.jpg;-9,20272231328675;38,7602081832756;Através de iconografias e símbolos, Jorge Charrua inspira-se na cultura urbana mas recorre a uma pintura tradicional para estabelecer pontos de contacto entre um presente recente e um passado distante. A representação da figura humana surge num jogo entre a melancolia e a afirmação. Este mural representa um retrato de um autor de banda desenhada no seu atelier, numa composição que reflete a introspeção e a catarse características do processo criativo dos artistas. ;
125;Sem título ;Add Fuel ;Estrada da Falagueira, 39 ;Falagueira-Venda Nova;2020;Empena;http://geoportal.cm-amadora.pt/files_site_internet/links/pcultural/id125.jpg;-9,22875806888696;38,760227732659;Add Fuel desenvolveu um conceito criativo relacionado com uma reinterpretação da tradição azulejar portuguesa, através dos seus padrões em stencil, com base num processo de tesselação, criam um equilíbrio entre repetições simétricas. Através de técnicas de ilusão de ótica como o trompe-l'œil, as suas composições em múltiplas camadas culminam numa poesia visual que interpela a perceção do observador e as suas possibilidades de interpretação. Este mural representa uma homenagem à multiculturalidade da cidade da Amadora com a interpretação de vários padrões relacionados com as diferentes nacionalidades presentes no concelho. ;
126;Sem título ;Mariana Santos ;Rua Elias Garcia, 89;Falagueira-Venda Nova;2020;Empena;http://geoportal.cm-amadora.pt/files_site_internet/links/pcultural/id126.jpg;-9,2257377907622;38,7579524159002;"As peças de Mariana Santos são, sobretudo, figurativas e inspiradas nos frames de filmes e fotografias; registos do passado e, até já esquecidos, numa tentativa de recuperar e capturar uma esperança desolada a partir das imagens pungentes e antigas que a artista vê como dignas de uma nova existência. Este mural representa uma interpretação da artista da fotografia da autoria de Alfredo Cunha, da década de 1970, que exibe um conjunto de idosos que, diariamente, observavam a passagem dos comboios no antigo apeadeiro da Estação da Amadora.";
127;Sem título ;Carlos Farinha ;Rua Elias Garcia, 17C;Falagueira-Venda Nova;2020;Posto de Transformação;http://geoportal.cm-amadora.pt/files_site_internet/links/pcultural/id127.jpg;-9,2144178886095;38,7546153368307;Carlos Farinha realiza e produz cenografias para o Festival Amadora BD desde 1998. O seu trabalho artístico caracteriza-se por uma elevada complexidade revelada pelo detalhe com que retrata os personagens e cenários das suas histórias e reinterpretações da vivência humana. Neste mural, o artista recupera a técnica do trompe-l'œil para retratar o quotidiano nas antigas tascas e tabernas da cidade.;
128;Sem título ;Krus;Rua Damião de Góis, 5B;Encosta do Sol;2020;Posto de Transformação;http://geoportal.cm-amadora.pt/files_site_internet/links/pcultural/id128.jpg;-9,20424592295373;38,7614711269065;A paixão pelas tintas, pela cor, pelos materiais e, também, pelos elementos que a inspiram, levaram-na à pintura, técnica que tem vindo a aperfeiçoar. Krus tem na natureza o seu tema de eleição e ao qual dedica uma vasta parte do seu universo plástico. Este mural representa um tributo ao passado rural da cidade da Amadora, com a representação de várias atividades agrícolas, nomeadamente a ceifa e o pastoreio. ;
129;Sem título ;Miguel Brum;Estrada da Serra da Mira, 56A;Mina de Água;2020;Posto de Transformação;http://geoportal.cm-amadora.pt/files_site_internet/links/pcultural/id129.jpg;-9,23012667688246;38,769160992244;A inspiração mitológica, por um lado, a cultura oriental, por outro, culminaram, gradualmente, numa linha gráfica que caracteriza o seu traço, quase em exclusivo, a spray. Este mural presta homenagem ao património cultural e arqueológico da cidade da Amadora, com a referência destacada ao Aqueduto das Águas Livres.;
130;Sem título ;Jacqueline de Montaigne;Estrada da Falagueira, 6 ;Falagueira-Venda Nova;2021;Empena;http://geoportal.cm-amadora.pt/files_site_internet/links/pcultural/id130.jpg;-9,22628894639921;38,7585366312069;Neste mural, Jacqueline de Montaigne apresenta uma homenagem à Primavera e à natureza, com uma ressalva à importância da água, enquanto elemento fundamental à sobrevivência humana. O elemento água foi abordado, devido à proximidade deste local a um dos mais antigos chafarizes da cidade: Chafariz da Porcalhota.;
131;Sem título ;Ricardo Romero;Av. da Aviação Portuguesa, 1;Venteira;2021;Empena;http://geoportal.cm-amadora.pt/files_site_internet/links/pcultural/id131.jpg;-9,23337469737285;38,7546209314559;O mural de Ricardo Romero apresenta uma homenagem ao aguarelista português Alfredo Roque Gameiro, devido à proximidade desta peça relativamente à Escola com o nome do pintor. Através da técnica serigráfica, Ricardo Romero fez uma reinterpretação do famoso autorretrato de Alfredo Roque Gameiro e de uma das suas mais emblemáticas aguarelas.;
132;Sem título ;Odeith;Av. da Aviação Portuguesa, 2;Venteira;2021;Empena;http://geoportal.cm-amadora.pt/files_site_internet/links/pcultural/id132.jpg;-9,23306139835677;38,7546340051531;Em 2021, Odeith oferece novamente o seu contributo artístico à cidade da Amadora com um mural que apresenta uma representação de um gato, que contempla curioso um aquário com um peixe. O artista inspirou-se nas duas colónias destes animais, localizadas nas imediações da sua intervenção artística.;
133;Sem título ;Halfstudio;Avenida de Aljubarrota, 14;Venteira;2021;Empena;http://geoportal.cm-amadora.pt/files_site_internet/links/pcultural/id133.jpg;-9,24500088642675;38,7561418857213;O mural deste coletivo artístico apresenta um tributo ao escritor português Mário Cezariny e a uma das suas estrofes do poema intitulado ‘Em todas as ruas te encontro’. Halfstudio é o pseudónimo de um grupo de artistas conhecidos pela utilização do stencil e da tipografia nos seus murais de grande escala, que interpelam o observador devido à sua tridimensionalidade e profundidade.;
134;Sem título ;Thiago Gomes;Rua Elias Garcia, 344A;Venteira;2021;Empena;http://geoportal.cm-amadora.pt/files_site_internet/links/pcultural/id134.jpg;-9,23580362348446;38,7582036144377;Este mural vem na sequência da peça realizada na Rua 27 de Junho e representa um tributo do artista Thiago Gomes à expressão musical, com a representação de um homem-gato a tocar um instrumento mas, nesta caso, destacam-se os olhos penetrantes e o semblante obscuro.;
135;Sem título ;Thiago Gomes;Rua 27 de Junho, 6;Venteira;2021;Empena;http://geoportal.cm-amadora.pt/files_site_internet/links/pcultural/id135.jpg;-9,23395647887783;38,757531077989;O ilustrador de nacionalidade brasileira, Thiago Gomes é conhecido pelos seus personagens híbridos, uma fusão entre os homens e os gatos. Este mural representa um desses personagens que toca um instrumento musical, cuja inspiração o artista foi retirar à proximidade deste local dos Recreios da Amadora;
136;Sem título ;Malibu Ninjas;Estrada do Zambujal;Alfragide;2021;Posto de Transformação;http://geoportal.cm-amadora.pt/files_site_internet/links/pcultural/id136.jpg;-9,21592149490123;38,7307817800424;Malibu Ninjas são um coletivo artístico de Lisboa, cujos murais são inspirados na literatura e ilustração alternativa. O seu mural é inspirado no universo da banda desenhada e da cultura pop nova-iorquina, com destaque para o uso de uma paleta de cores fortes e quentes, em que sobressaem as sombras e os contornos acentuados de figuras e fisionomias disformes.;
137;Sem título ;Tiago Albuquerque;Rua Capitães de Abril, 8;Encosta do Sol;2021;Posto de Transformação;http://geoportal.cm-amadora.pt/files_site_internet/links/pcultural/id137.jpg;-9,20593578093286;38,76085430371;Esta foi a primeira incursão do ilustrador português no muralismo. Tiago Albuquerque é conhecido, maioritariamente, pela sua faceta de ilustrador de livros infantojuvenis. Este mural representa um alerta à poluição dos oceanos e dos recursos hídricos e à eminente destruição da fauna e flora marinhas, que o artista intitulou de ‘Plasticus Maritimus’.;
